{"cameraMode":{"drawMode":0,"name":"Shaded","section":"Shading Mode"},"sceneLighting":true,"audioPlay":false,"sceneViewState":{"showFog":true,"showMaterialUpdate":false,"showSkybox":false,"showFlares":true,"showImageEffects":true,"showParticleSystems":true},"in2DMode":false,"pivot":{"x":-5.880000114440918,"y":10.715999603271485,"z":-3.680000066757202},"rotation":{"x":0.05743936821818352,"y":0.9011223316192627,"z":-0.12597516179084779,"w":0.41087284684181216},"size":22.0,"orthographic":false}